,time,4T,5S,5W,4W,4S,direction
0,1681776026.5,0,0,0,0,0,0
1,1681776076.5,1,1,0,0,0,0
2,1681776126.5,1,1,0,0,0,0
3,1681776176.5,1,1,0,0,0,0
4,1681776226.5,1,1,0,0,0,0
5,1681776276.5,1,1,0,0,0,0
6,1681776326.5,1,1,0,0,0,0
7,1681776376.5,1,1,0,0,0,0
8,1681776426.5,1,1,0,0,0,0
9,1681776477.0,1,1,0,0,0,0
10,1681776527.5,1,1,0,0,0,0
11,1681776577.5,1,1,0,0,0,0
12,1681776627.5,1,1,0,0,0,0
13,1681776677.5,1,1,0,0,0,0
14,1681776727.5,1,1,0,0,0,0
15,1681776777.5,1,1,0,0,0,0
16,1681776827.5,1,1,0,0,0,0
17,1681776877.5,1,1,0,0,0,0
18,1681776927.5,1,1,0,0,0,0
19,1681776977.5,1,1,0,1,1,0
20,1681777027.5,1,1,0,1,1,0
21,1681777077.5,1,1,0,1,1,0
22,1681777127.5,1,1,0,1,1,0
23,1681777177.5,1,1,0,1,1,0
24,1681777227.5,1,1,0,1,1,0
25,1681777277.5,1,1,0,1,1,0
26,1681777327.5,1,1,0,1,1,0
27,1681777377.5,1,1,0,1,1,0
28,1681777427.5,1,1,0,1,1,0
29,1681777477.5,1,1,0,1,1,0
30,1681777527.5,1,1,0,1,1,0
31,1681777577.5,1,1,0,1,1,0
32,1681777627.5,1,1,0,1,1,0
33,1681777677.5,1,1,0,1,1,0
34,1681777727.5,1,1,0,1,1,0
35,1681777777.5,1,1,0,1,1,0
36,1681777827.5,1,1,0,1,1,0
37,1681777877.5,1,1,0,1,1,0
38,1681777927.5,1,1,0,1,1,0
39,1681777977.5,1,1,0,1,1,0
40,1681778027.5,1,1,0,1,1,0
41,1681778077.5,1,1,0,1,1,0
42,1681778127.5,1,1,0,1,1,0
43,1681778177.5,1,1,0,1,1,0
44,1681778227.5,1,1,0,1,1,0
45,1681778277.5,1,1,0,1,1,0
46,1681778327.5,1,1,0,1,1,0
47,1681778377.5,1,1,0,1,1,0
48,1681778427.5,1,1,0,1,1,0
49,1681778477.5,1,1,0,1,1,0
50,1681778527.5,1,1,0,1,1,1
51,1681778577.5,1,1,0,1,1,1
52,1681778627.5,1,1,0,1,1,1
53,1681778677.5,1,1,0,1,1,1
54,1681778727.5,1,1,0,1,1,1
55,1681778777.5,1,1,0,1,1,1
56,1681778827.5,1,1,0,1,1,1
57,1681778877.5,1,1,0,1,1,1
58,1681778927.5,1,1,0,1,1,1
59,1681778977.5,1,1,0,1,1,1
60,1681779027.5,1,1,0,1,1,1
61,1681779077.5,1,1,0,1,1,1
62,1681779127.5,1,1,0,1,1,1
63,1681779177.5,1,1,0,1,1,1
64,1681779227.5,1,1,0,1,1,1
65,1681779277.5,1,1,0,1,1,1
66,1681779327.5,1,1,0,1,1,1
67,1681779377.5,1,1,0,1,1,1
68,1681779427.5,1,1,0,1,1,1
69,1681779477.5,1,1,0,1,1,1
70,1681779527.5,1,1,0,1,1,1
71,1681779577.5,1,1,0,1,1,1
72,1681779627.5,1,1,0,1,1,1
73,1681779677.5,1,1,0,1,1,1
74,1681779727.5,1,1,0,1,1,1
75,1681779777.5,1,1,0,1,1,1
76,1681779827.5,1,1,0,1,1,1
77,1681779877.5,1,1,0,1,1,1
78,1681779927.5,1,1,0,1,1,1
79,1681779977.5,1,1,0,1,1,1
80,1681780027.5,1,1,0,1,1,1
81,1681780077.5,1,1,0,1,1,1
82,1681780127.5,1,1,0,1,1,1
83,1681780177.5,1,1,0,1,1,1
84,1681780227.5,1,1,0,1,1,1
85,1681780277.5,1,1,0,1,1,1
86,1681780327.5,1,1,0,1,1,1
87,1681780377.5,1,1,0,1,1,1
88,1681780427.5,1,1,0,1,1,1
89,1681780477.5,1,1,0,1,1,1
90,1681780529.06,1,1,0,1,1,1
91,1681780579.5,1,1,0,1,1,1
92,1681780629.5,1,1,0,1,1,1
93,1681780735.14,1,1,0,1,1,1
94,1681780814.5,1,1,0,1,1,1
95,1681780864.5,1,1,0,1,1,1
96,1681780914.5,1,1,0,1,1,1
97,1681780964.5,1,1,0,1,1,1
98,1681781014.5,1,1,0,1,1,1
99,1681781064.5,1,1,0,1,1,1
100,1681781114.5,1,1,0,1,1,0
101,1681781164.5,1,1,0,1,1,0
102,1681781214.5,1,1,0,1,1,0
103,1681781264.5,1,1,0,1,1,0
104,1681781314.5,1,1,0,1,1,0
105,1681781364.5,1,1,0,1,1,0
106,1681781414.5,1,1,0,1,1,0
107,1681781464.5,1,1,0,1,1,0
108,1681781514.5,1,1,0,1,1,0
109,1681781564.5,1,1,0,1,1,0
110,1681781614.5,1,1,0,1,1,0
111,1681781664.5,1,1,0,1,1,0
112,1681781714.5,1,1,0,1,1,0
113,1681781764.5,1,1,0,1,1,0
114,1681781814.5,1,1,0,1,1,0
115,1681781864.5,1,1,0,1,1,0
116,1681781914.5,1,1,0,1,1,0
117,1681781964.5,1,1,0,1,1,0
118,1681782014.5,1,1,0,1,1,0
119,1681782064.5,1,1,0,1,1,0
120,1681782114.5,1,1,0,1,1,0
121,1681782164.5,1,1,0,1,1,0
122,1681782214.5,1,1,0,1,1,0
123,1681782264.5,1,1,0,1,1,0
124,1681782314.5,1,1,0,1,1,0
125,1681782364.5,1,1,0,1,1,0
126,1681782414.5,1,1,0,1,1,0
127,1681782464.5,1,1,0,1,1,0
128,1681782514.5,1,1,0,1,1,0
129,1681782564.5,1,1,0,1,1,0
130,1681782614.5,1,1,0,1,1,0
131,1681782664.5,1,1,0,1,1,0
132,1681782714.5,1,1,0,1,1,0
133,1681782764.5,1,1,0,1,1,0
134,1681782814.5,1,1,0,1,1,0
135,1681782864.5,1,1,0,1,1,0
136,1681782914.5,1,1,0,1,1,0
137,1681782964.5,1,1,0,1,1,0
138,1681783014.5,1,1,0,1,1,0
139,1681783064.5,1,1,0,1,1,0
140,1681783114.5,1,1,0,1,1,0
141,1681783164.5,1,1,0,1,1,0
142,1681783214.5,1,1,0,1,1,0
143,1681783264.5,1,1,0,1,1,0
144,1681783314.5,1,1,0,1,1,0
145,1681783364.5,1,1,0,1,1,0
146,1681783414.5,1,1,0,1,1,0
147,1681783464.5,1,1,0,1,1,0
148,1681783514.5,1,1,0,1,1,0
149,1681783564.5,1,1,0,1,1,0
150,1681783614.5,1,1,0,1,1,1
151,1681783664.5,1,1,0,1,1,1
152,1681783714.5,1,1,0,1,1,1
153,1681783764.5,1,1,0,1,1,1
154,1681783814.5,1,1,0,1,1,1
155,1681783864.5,1,1,0,1,1,1
156,1681783914.5,1,1,0,1,1,1
157,1681783964.5,1,1,0,1,1,1
158,1681784014.5,1,1,0,1,1,1
159,1681784064.5,1,1,0,1,1,1
160,1681784114.5,1,1,0,1,1,1
161,1681784164.5,1,1,0,1,1,1
162,1681784214.5,1,1,0,1,1,1
163,1681784264.5,1,1,0,1,1,1
164,1681784314.5,1,1,0,1,1,1
165,1681784364.5,1,1,0,1,1,1
166,1681784414.5,1,1,0,1,1,1
167,1681784464.5,1,1,0,1,1,1
168,1681784514.5,1,1,0,1,1,1
169,1681784564.5,1,1,0,1,1,1
170,1681784614.5,1,1,0,1,1,1
171,1681784664.5,1,1,0,1,1,1
172,1681784714.5,1,1,0,1,1,1
173,1681784764.5,1,1,0,1,1,1
174,1681784814.5,1,1,0,1,1,1
175,1681784864.5,1,1,0,1,1,1
176,1681784914.5,1,1,0,1,1,1
177,1681784964.5,1,1,0,1,1,1
178,1681785014.5,1,1,0,1,1,1
179,1681785064.5,1,1,0,1,1,1
180,1681785114.5,1,1,0,1,1,1
181,1681785164.5,0,0,0,0,0,1
182,1681785214.5,0,0,0,0,0,1
183,1681785264.5,0,0,0,0,0,1
184,1681785314.5,0,0,0,0,0,1
185,1681785364.5,0,0,0,0,0,1
186,1681785414.5,0,0,0,0,0,1
187,1681785464.5,0,0,0,0,0,1
188,1681785514.5,0,0,0,0,0,1
189,1681785564.5,0,0,0,0,0,1
190,1681785614.5,0,0,0,0,0,1
191,1681785664.5,0,0,0,0,0,1
192,1681785714.5,0,0,0,0,0,1
193,1681785764.5,0,0,0,0,0,1
194,1681785814.5,0,0,0,0,0,1
195,1681785864.5,0,0,0,0,0,1
196,1681785914.5,0,0,0,0,0,1
197,1681785964.5,0,0,0,0,0,1
198,1681786014.5,0,0,0,0,0,1
199,1681786064.5,0,0,0,0,0,1
200,1681786114.5,0,0,0,0,0,0
201,1681786164.5,0,0,0,0,0,0
202,1681786214.5,0,0,0,0,0,0
203,1681786264.5,0,0,0,0,0,0
204,1681786314.5,0,0,0,0,0,0
205,1681786364.5,0,0,0,0,0,0
206,1681786414.5,0,0,0,0,0,0
207,1681786464.5,0,0,0,0,0,0
208,1681786514.5,0,0,0,0,0,0
209,1681786564.5,0,0,0,0,0,0
210,1681786614.5,0,0,0,0,0,0
211,1681786664.5,0,0,0,0,0,0
212,1681786714.5,0,0,0,0,0,0
213,1681786764.5,0,0,0,0,0,0
214,1681786814.5,0,0,0,0,0,0
215,1681786864.5,0,0,0,0,0,0
216,1681786914.5,0,0,0,0,0,0
217,1681786964.5,0,0,0,0,0,0
218,1681787014.5,0,0,0,0,0,0
219,1681787064.5,0,0,0,0,0,0
220,1681787114.5,0,0,0,0,0,0
221,1681787164.5,0,0,0,0,0,0
222,1681787214.5,0,0,0,0,0,0
223,1681787264.5,0,0,0,0,0,0
224,1681787314.5,0,0,0,0,0,0
225,1681787364.5,0,0,0,0,0,0
226,1681787414.5,0,0,0,0,0,0
227,1681787464.5,0,0,0,0,0,0
228,1681787514.5,0,0,0,0,0,0
229,1681787564.5,0,0,0,0,0,0
230,1681787614.5,0,0,0,0,0,0
231,1681787664.5,0,0,0,0,0,0
232,1681787714.5,0,0,0,0,0,0
233,1681787764.5,0,0,0,0,0,0
234,1681787814.5,0,0,0,0,0,0
235,1681787864.5,0,0,0,0,0,0
236,1681787914.5,0,0,0,0,0,0
237,1681787964.5,0,0,0,0,0,0
238,1681788014.5,0,0,0,0,0,0
239,1681788064.5,0,0,0,0,0,0
240,1681788114.5,0,0,0,0,0,0
241,1681788164.5,0,0,0,0,0,0
242,1681788214.5,0,0,0,0,0,0
243,1681788264.5,0,0,0,0,0,0
244,1681788314.5,0,0,0,0,0,0
245,1681788364.5,0,0,0,0,0,0
246,1681788414.5,0,0,0,0,0,0
247,1681788464.5,0,0,0,0,0,0
248,1681788514.5,0,0,0,0,0,0
249,1681788564.5,0,0,0,0,0,0
250,1681788614.5,0,0,0,0,0,1
251,1681788664.5,0,0,0,0,0,1
252,1681788714.5,0,0,0,0,0,1
253,1681788764.5,0,0,0,0,0,1
254,1681788814.5,0,0,0,0,0,1
255,1681788864.5,0,0,0,0,0,1
256,1681788914.5,0,0,0,0,0,1
257,1681788964.5,0,0,0,0,0,1
258,1681789014.5,0,0,0,0,0,1
259,1681789064.5,0,0,0,0,0,1
260,1681789114.5,0,0,0,0,0,1
261,1681789164.5,0,0,0,0,0,1
262,1681789214.5,0,0,0,0,0,1
263,1681789264.5,0,0,0,0,0,1
264,1681789314.5,0,0,0,0,0,1
265,1681789364.5,0,0,0,0,0,1
266,1681789414.5,0,0,0,0,0,1
267,1681789464.5,0,0,0,0,0,1
268,1681789514.5,0,0,0,0,0,1
269,1681789564.5,0,0,0,0,0,1
270,1681789614.5,0,0,0,0,0,1
271,1681789664.5,0,0,0,0,0,1
272,1681789714.5,0,0,0,0,0,1
273,1681789764.5,0,0,0,0,0,1
274,1681789814.5,0,0,0,0,0,1
275,1681789864.5,0,0,0,0,0,1
276,1681789914.5,0,0,0,0,0,1
277,1681789964.5,0,0,0,0,0,1
278,1681790014.5,0,0,0,0,0,1
279,1681790064.5,0,0,0,0,0,1
280,1681790114.5,0,0,0,0,0,1
281,1681790164.5,0,0,0,0,0,1
282,1681790214.5,0,0,0,0,0,1
283,1681790264.5,0,0,0,0,0,1
284,1681790314.5,0,0,0,0,0,1
285,1681790364.5,0,0,0,0,0,1
286,1681790414.5,0,0,0,0,0,1
287,1681790464.5,0,0,0,0,0,1
288,1681790514.5,0,0,0,0,0,1
289,1681790564.5,0,0,0,0,0,1
290,1681790614.5,0,0,0,0,0,1
291,1681790664.5,0,0,0,0,0,1
292,1681790716.84,0,0,0,0,0,1
293,1681790767.5,0,0,0,0,0,1
294,1681790817.5,0,0,0,0,0,1
295,1681790867.5,0,0,0,0,0,1
296,1681790917.5,0,0,0,0,0,1
297,1681790967.5,0,0,0,0,0,1
298,1681791017.5,0,0,0,0,0,1
299,1681791067.5,0,0,0,0,0,1
300,1681791117.5,0,0,0,0,0,0
301,1681791167.5,0,0,0,0,0,0
302,1681791217.5,0,0,0,0,0,0
303,1681791267.5,0,0,0,0,0,0
304,1681791317.5,0,0,0,0,0,0
305,1681791367.5,0,0,0,0,0,0
306,1681791417.5,0,0,0,0,0,0
307,1681791467.5,0,0,0,0,0,0
308,1681791517.5,0,0,0,0,0,0
309,1681791567.5,0,0,0,0,0,0
310,1681791617.5,0,0,0,0,0,0
311,1681791667.5,0,0,0,0,0,0
312,1681791717.5,0,0,0,0,0,0
313,1681791767.5,0,0,0,0,0,0
314,1681791817.5,0,0,0,0,0,0
315,1681791867.5,0,0,0,0,0,0
316,1681791917.5,0,0,0,0,0,0
317,1681791967.5,0,0,0,0,0,0
318,1681792017.5,0,0,0,0,0,0
319,1681792067.5,0,0,0,0,0,0
320,1681792117.5,0,0,0,0,0,0
321,1681792167.5,0,0,0,0,0,0
322,1681792217.5,0,0,0,0,0,0
323,1681792267.5,0,0,0,0,0,0
324,1681792317.5,0,0,0,0,0,0
325,1681792367.5,0,0,0,0,0,0
326,1681792417.5,0,0,0,0,0,0
327,1681792467.5,0,0,0,0,0,0
328,1681792517.5,0,0,0,0,0,0
329,1681792567.5,0,0,0,0,0,0
330,1681792617.5,0,0,0,0,0,0
331,1681792667.5,0,0,0,0,0,0
332,1681792717.5,0,0,0,0,0,0
333,1681792767.5,0,0,0,0,0,0
334,1681792817.5,0,0,0,0,0,0
335,1681792867.5,0,0,0,0,0,0
336,1681792917.5,0,0,0,0,0,0
337,1681792967.5,0,0,0,0,0,0
338,1681793017.5,0,0,0,0,0,0
339,1681793067.5,0,0,0,0,0,0
340,1681793117.5,0,0,0,0,0,0
341,1681793167.5,0,0,0,0,0,0
342,1681793217.5,0,0,0,0,0,0
343,1681793267.5,0,0,0,0,0,0
344,1681793317.5,0,0,0,0,0,0
345,1681793367.5,0,0,0,0,0,0
346,1681793417.5,0,0,0,0,0,0
347,1681793467.5,0,0,0,0,0,0
348,1681793517.5,0,0,0,0,0,0
349,1681793567.5,0,0,0,0,0,0
350,1681793617.5,0,0,0,0,0,1
351,1681793667.5,0,0,0,0,0,1
352,1681793717.5,0,0,0,0,0,1
353,1681793767.5,0,0,0,0,0,1
354,1681793817.5,0,0,0,0,0,1
355,1681793867.5,0,0,0,0,0,1
356,1681793917.5,0,0,0,0,0,1
357,1681793967.5,0,0,0,0,0,1
358,1681794017.5,0,0,0,0,0,1
359,1681794067.5,0,0,0,0,0,1
360,1681794117.5,0,0,0,0,0,1
361,1681794167.5,0,0,0,0,0,1
362,1681794217.5,0,0,0,0,0,1
363,1681794267.5,0,0,0,0,0,1
364,1681794317.5,0,0,0,0,0,1
365,1681794367.5,0,0,0,0,0,1
366,1681794417.5,0,0,0,0,0,1
367,1681794467.5,0,0,0,0,0,1
368,1681794517.5,0,0,0,0,0,1
369,1681794567.5,0,0,0,0,0,1
370,1681794617.5,0,0,0,0,0,1
371,1681794667.5,0,0,0,0,0,1
372,1681794717.5,0,0,0,0,0,1
373,1681794767.5,0,0,0,0,0,1
374,1681794817.5,0,0,0,0,0,1
375,1681794867.5,0,0,0,0,0,1
376,1681794917.5,0,0,0,0,0,1
377,1681794967.5,0,0,0,0,0,1
378,1681795017.5,0,0,0,0,0,1
379,1681795067.5,0,0,0,0,0,1
380,1681795117.5,0,0,0,0,0,1
381,1681795167.5,0,0,0,0,0,1
382,1681795217.5,0,0,0,0,0,1
383,1681795267.5,0,0,0,0,0,1
384,1681795317.5,0,0,0,0,0,1
385,1681795367.5,0,0,0,0,0,1
386,1681795417.5,0,0,0,0,0,1
387,1681795467.5,0,0,0,0,0,1
388,1681795517.5,0,0,0,0,0,1
389,1681795567.5,0,0,0,0,0,1
390,1681795617.5,0,0,0,0,0,1
391,1681795667.5,0,0,0,0,0,1
392,1681795717.5,0,0,0,0,0,1
393,1681795767.5,0,0,0,0,0,1
394,1681795817.5,0,0,0,0,0,1
395,1681795867.5,0,0,0,0,0,1
396,1681795917.5,0,0,0,0,0,1
397,1681795967.5,1,0,0,0,1,1
398,1681796017.5,1,0,0,0,1,1
399,1681796067.5,1,0,0,0,1,1
400,1681796117.5,1,0,0,0,1,0
401,1681796167.5,0,0,0,0,0,0
402,1681796217.5,0,1,0,0,0,0
403,1681796267.5,0,1,0,0,0,0
404,1681796317.5,0,1,0,0,0,0
405,1681796367.5,0,1,0,0,0,0
406,1681796417.5,0,0,0,0,0,0
407,1681796467.5,0,0,1,0,0,0
408,1681796517.5,0,0,1,0,0,0
409,1681796567.5,0,0,1,0,0,0
410,1681796617.5,1,1,1,0,1,0
411,1681796667.5,1,1,1,0,1,0
412,1681796717.5,1,1,1,0,1,0
413,1681796767.5,1,1,1,0,1,0
414,1681796817.5,1,1,1,0,1,0
415,1681796867.5,1,1,1,0,1,0
416,1681796917.5,1,1,1,0,1,0
417,1681796967.5,1,1,1,0,1,0
418,1681797017.5,1,1,1,0,1,0
419,1681797067.5,1,1,1,0,1,0
420,1681797117.5,1,1,1,0,1,0
421,1681797167.5,1,1,1,0,1,0
422,1681797217.5,1,1,1,0,1,0
423,1681797267.5,1,1,1,0,1,0
424,1681797317.5,1,1,1,0,1,0
425,1681797367.5,1,1,1,0,1,0
426,1681797417.5,1,1,1,0,1,0
427,1681797467.5,1,1,1,0,1,0
428,1681797517.5,1,1,1,0,1,0
429,1681797567.5,1,1,1,0,1,0
430,1681797617.5,1,1,1,0,1,0
431,1681797667.5,1,1,1,0,1,0
432,1681797717.5,1,1,1,0,1,0
433,1681797767.5,1,1,1,0,1,0
434,1681797817.5,1,1,1,0,1,0
435,1681797867.5,1,1,1,0,1,0
436,1681797917.5,1,1,1,0,1,0
437,1681797967.5,1,1,1,0,1,0
438,1681798017.5,1,1,1,0,1,0
439,1681798067.5,1,1,1,0,1,0
440,1681798117.5,1,1,1,0,1,0
441,1681798167.5,1,1,1,0,1,0
442,1681798217.5,1,1,1,0,1,0
443,1681798267.5,1,1,1,0,1,0
444,1681798317.5,1,1,1,0,1,0
445,1681798367.5,1,1,1,0,1,0
446,1681798417.5,1,1,1,0,1,0
447,1681798467.5,1,1,1,0,1,0
448,1681798517.5,1,1,1,0,1,0
449,1681798567.5,1,1,1,0,1,0
450,1681798617.5,1,1,1,0,1,1
451,1681798667.5,1,1,1,0,1,1
452,1681798717.5,1,1,1,0,1,1
453,1681798767.5,1,1,1,0,1,1
454,1681798817.5,1,1,1,0,1,1
455,1681798867.5,1,1,1,0,1,1
456,1681798917.5,1,1,1,0,1,1
457,1681798967.5,1,1,1,0,1,1
458,1681799017.5,1,1,1,0,1,1
459,1681799067.5,1,1,1,0,1,1
460,1681799117.5,1,1,1,0,1,1
461,1681799167.5,1,1,1,0,1,1
462,1681799217.5,1,1,1,0,1,1
463,1681799267.5,1,1,1,0,1,1
464,1681799317.5,1,1,1,0,1,1
465,1681799367.5,1,1,1,0,1,1
466,1681799417.5,1,1,1,0,1,1
467,1681799467.5,1,1,1,0,1,1
468,1681799517.5,1,1,1,0,1,1
469,1681799567.5,1,1,1,0,1,1
470,1681799617.5,1,1,1,0,1,1
471,1681799667.5,1,1,1,0,1,1
472,1681799717.5,1,1,1,0,1,1
473,1681799767.5,1,1,1,0,1,1
474,1681799817.5,1,1,1,0,1,1
475,1681799867.5,1,1,1,0,1,1
476,1681799917.5,1,1,1,0,1,1
477,1681799967.5,1,1,1,0,1,1
478,1681800017.5,1,1,1,0,1,1
479,1681800067.5,1,1,1,0,1,1
480,1681800117.5,1,1,1,0,1,1
481,1681800167.5,1,1,1,0,1,1
482,1681800217.5,1,1,1,0,1,1
483,1681800267.5,1,1,1,0,1,1
484,1681800317.5,1,1,1,0,1,1
485,1681800367.5,1,1,1,0,1,1
486,1681800417.5,1,1,1,0,1,1
487,1681800467.5,1,1,1,0,1,1
488,1681800517.5,1,1,1,0,1,1
489,1681800567.5,1,1,1,0,1,1
490,1681800617.5,1,1,1,0,1,1
491,1681800667.5,1,1,1,0,1,1
492,1681800717.5,1,1,1,0,1,1
493,1681800767.5,1,1,1,0,1,1
494,1681800817.5,1,1,1,0,1,1
495,1681800867.5,1,1,1,0,1,1
496,1681800917.5,1,1,1,0,1,1
497,1681800967.5,1,1,1,0,1,1
498,1681801017.5,1,1,1,0,1,1
499,1681801067.5,1,1,1,0,1,1
500,1681801117.5,1,1,1,0,1,0
501,1681801167.5,1,1,1,0,1,0
502,1681801217.5,1,1,1,0,1,0
503,1681801267.5,1,1,1,0,1,0
504,1681801317.5,1,1,1,0,1,0
505,1681801367.5,1,1,1,0,1,0
506,1681801417.5,1,1,1,0,1,0
507,1681801467.5,1,1,1,0,1,0
508,1681801517.5,1,1,1,0,1,0
509,1681801567.5,1,1,1,0,1,0
510,1681801617.5,1,1,1,0,1,0
511,1681801667.5,1,1,1,0,1,0
512,1681801717.5,1,1,1,0,1,0
513,1681801767.5,1,1,1,0,1,0
514,1681801817.5,1,1,1,0,1,0
515,1681801867.5,1,1,1,0,1,0
516,1681801917.5,1,1,1,0,1,0
517,1681801967.5,1,1,1,0,1,0
518,1681802017.5,1,1,1,0,1,0
519,1681802067.5,1,1,1,0,1,0
520,1681802117.5,1,1,1,0,1,0
521,1681802167.5,1,1,1,0,1,0
522,1681802217.5,1,1,1,0,1,0
523,1681802267.5,1,1,1,0,1,0
524,1681802317.5,1,1,1,0,1,0
525,1681802367.5,1,1,1,0,1,0
526,1681802417.5,1,1,1,0,1,0
527,1681802467.5,1,1,1,0,1,0
528,1681802517.5,1,1,1,0,1,0
529,1681802567.5,1,1,1,0,1,0
530,1681802617.5,1,1,1,0,1,0
531,1681802667.5,1,1,1,0,1,0
532,1681802717.5,1,1,1,0,1,0
533,1681802767.5,1,1,1,0,1,0
534,1681802817.5,1,1,1,0,1,0
535,1681802867.5,1,1,1,0,1,0
536,1681802917.5,1,1,1,0,1,0
537,1681802967.5,1,1,1,0,1,0
538,1681803017.5,1,1,1,0,1,0
539,1681803067.5,1,1,1,0,1,0
540,1681803117.5,1,1,1,0,1,0
541,1681803167.5,1,1,1,0,1,0
542,1681803217.5,1,1,1,0,1,0
543,1681803267.5,1,1,1,0,1,0
544,1681803317.5,1,1,1,0,1,0
545,1681803367.5,1,1,1,0,1,0
546,1681803417.5,1,1,1,0,1,0
547,1681803467.5,1,1,1,0,1,0
548,1681803517.5,1,1,1,0,1,0
549,1681803567.5,1,1,1,0,1,0
550,1681803617.5,1,1,1,0,1,1
551,1681803667.5,1,1,1,0,1,1
552,1681803717.5,1,1,1,0,1,1
553,1681803767.5,1,1,1,0,1,1
554,1681803817.5,0,0,0,0,0,1
555,1681803867.5,0,0,0,0,0,1
556,1681803917.5,0,0,0,0,0,1
557,1681803967.5,0,0,0,0,0,1
558,1681804017.5,0,0,0,0,0,1
559,1681804067.5,0,0,0,0,0,1
560,1681804117.5,0,0,0,0,0,1
561,1681804167.5,0,0,0,0,0,1
562,1681804217.5,0,0,0,0,0,1
563,1681804267.5,0,0,0,0,0,1
564,1681804317.5,0,0,0,0,0,1
565,1681804367.5,0,0,0,0,0,1
566,1681804417.5,0,0,0,0,0,1
567,1681804467.5,0,0,0,0,0,1
568,1681804517.5,0,0,0,0,0,1
569,1681804567.5,0,0,0,0,0,1
570,1681804617.5,0,0,0,0,0,1
571,1681804667.5,0,0,0,0,0,1
572,1681804717.5,0,0,0,0,0,1
573,1681804767.5,0,0,0,0,0,1
574,1681804817.5,0,0,0,0,0,1
575,1681804867.5,0,0,0,0,0,1
576,1681804917.5,0,0,0,0,0,1
577,1681804967.5,0,0,0,0,0,1
578,1681805017.5,0,0,0,0,0,1
579,1681805067.5,0,0,0,0,0,1
580,1681805117.5,0,0,0,0,0,1
581,1681805167.5,0,0,0,0,0,1
582,1681805217.5,0,0,0,0,0,1
583,1681805267.5,0,0,0,0,0,1
584,1681805317.5,0,0,0,0,0,1
585,1681805367.5,0,0,0,0,0,1
586,1681805417.5,0,0,0,0,0,1
587,1681805467.5,0,0,0,0,0,1
588,1681805517.5,0,0,0,0,0,1
589,1681805567.5,0,0,0,0,0,1
590,1681805617.5,0,0,0,0,0,1
591,1681805667.5,0,0,0,0,0,1
592,1681805717.5,0,0,0,0,0,1
593,1681805767.5,0,0,0,0,0,1
594,1681805817.5,0,0,0,0,0,1
595,1681805867.5,0,0,0,0,0,1
596,1681805917.5,0,0,0,0,0,1
597,1681805967.5,0,0,0,0,0,1
598,1681806017.5,0,0,0,0,0,1
599,1681806067.5,0,0,0,0,0,1
600,1681806117.5,0,0,0,0,0,0
601,1681806167.5,0,0,0,0,0,0
602,1681806217.5,0,0,0,0,0,0
603,1681806267.5,0,0,0,0,0,0
604,1681806317.5,0,0,0,0,0,0
605,1681806367.5,0,0,0,0,0,0
606,1681806417.5,0,0,0,0,0,0
607,1681806467.5,0,0,0,0,0,0
608,1681806517.5,0,0,0,0,0,0
609,1681806567.5,0,0,0,0,0,0
610,1681806617.5,0,0,0,0,0,0
611,1681806667.5,0,0,0,0,0,0
612,1681806717.5,0,0,0,0,0,0
613,1681806767.5,0,0,0,0,0,0
614,1681806817.5,0,0,0,0,0,0
615,1681806867.5,0,0,0,0,0,0
616,1681806917.5,0,0,0,0,0,0
617,1681806967.5,0,0,0,0,0,0
618,1681807017.5,0,0,0,0,0,0
619,1681807067.5,0,0,0,0,0,0
620,1681807117.5,0,0,0,0,0,0
621,1681807167.5,0,0,0,0,0,0
622,1681807217.5,0,0,0,0,0,0
623,1681807267.5,0,0,0,0,0,0
624,1681807317.5,0,0,0,0,0,0
625,1681807367.5,0,0,0,0,0,0
626,1681807417.5,0,0,0,0,0,0
627,1681807467.5,0,0,0,0,0,0
628,1681807517.5,0,0,0,0,0,0
629,1681807567.5,0,0,0,0,0,0
630,1681807617.5,0,0,0,0,0,0
631,1681807667.5,0,0,0,0,0,0
632,1681807717.5,0,0,0,0,0,0
633,1681807767.5,0,0,0,0,0,0
634,1681807817.5,0,0,0,0,0,0
635,1681807867.5,0,0,0,0,0,0
636,1681807917.5,0,0,0,0,0,0
637,1681807967.5,0,0,0,0,0,0
638,1681808017.5,0,0,0,0,0,0
639,1681808067.5,0,0,0,0,0,0
640,1681808117.5,0,0,0,0,0,0
641,1681808167.5,0,0,0,0,0,0
642,1681808217.5,0,0,0,0,0,0
643,1681808267.5,0,0,0,0,0,0
644,1681808317.5,0,0,0,0,0,0
645,1681808367.5,0,0,0,0,0,0
646,1681808417.5,0,0,0,0,0,0
647,1681808467.5,0,0,0,0,0,0
648,1681808517.5,0,0,0,0,0,0
649,1681808567.5,0,0,0,0,0,0
650,1681808617.5,0,0,0,0,0,1
651,1681808667.5,0,0,0,0,0,1
652,1681808717.5,0,0,0,0,0,1
653,1681808767.5,0,0,0,0,0,1
654,1681808817.5,0,0,0,0,0,1
655,1681808867.5,0,0,0,0,0,1
656,1681808917.5,0,0,0,0,0,1
657,1681808967.5,0,0,0,0,0,1
658,1681809017.5,0,0,0,0,0,1
659,1681809067.5,0,0,0,0,0,1
660,1681809117.5,0,0,0,0,0,1
661,1681809167.5,0,0,0,0,0,1
662,1681809217.5,0,0,0,0,0,1
663,1681809267.5,0,0,0,0,0,1
664,1681809317.5,0,0,0,0,0,1
665,1681809367.5,0,0,0,0,0,1
666,1681809417.5,0,0,0,0,0,1
667,1681809467.5,0,0,0,0,0,1
668,1681809517.5,0,0,0,0,0,1
669,1681809567.5,0,0,0,0,0,1
670,1681809617.5,0,0,0,0,0,1
671,1681809667.5,0,0,0,0,0,1
672,1681809717.5,0,0,0,0,0,1
673,1681809767.5,0,0,0,0,0,1
674,1681809817.5,0,0,0,0,0,1
675,1681809867.5,0,0,0,0,0,1
676,1681809917.5,0,0,0,0,0,1
677,1681809967.5,0,0,0,0,0,1
678,1681810017.5,0,0,0,0,0,1
679,1681810067.5,0,0,0,0,0,1
680,1681810117.5,0,0,0,0,0,1
681,1681810167.5,0,0,0,0,0,1
682,1681810217.5,0,0,0,0,0,1
683,1681810267.5,0,0,0,0,0,1
684,1681810317.5,0,0,0,0,0,1
685,1681810367.5,0,0,0,0,0,1
686,1681810417.5,0,0,0,0,0,1
687,1681810467.5,0,0,0,0,0,1
688,1681810517.5,0,0,0,0,0,1
689,1681810567.5,0,0,0,0,0,1
690,1681810617.5,0,0,0,0,0,1
691,1681810667.5,0,0,0,0,0,1
692,1681810717.5,0,0,0,0,0,1
693,1681810767.5,0,0,0,0,0,1
694,1681810817.5,0,0,0,0,0,1
695,1681810867.5,0,0,0,0,0,1
696,1681810917.5,0,0,0,0,0,1
697,1681810967.5,0,0,0,0,0,1
698,1681811017.5,0,0,0,0,0,1
699,1681811067.5,0,0,0,0,0,1
700,1681811117.5,0,0,0,0,0,0
701,1681811167.5,0,0,0,0,0,0
702,1681811217.5,0,0,0,0,0,0
703,1681811267.5,0,0,0,0,0,0
704,1681811317.5,0,0,0,0,0,0
705,1681811367.5,0,0,0,0,0,0
706,1681811417.5,0,0,0,0,0,0
707,1681811467.5,0,0,0,0,0,0
708,1681811517.5,0,0,0,0,0,0
709,1681811567.5,0,0,0,0,0,0
710,1681811617.5,0,0,0,0,0,0
711,1681811667.5,0,0,0,0,0,0
712,1681811717.5,0,0,0,0,0,0
713,1681811767.5,0,0,0,0,0,0
714,1681811817.5,0,0,0,0,0,0
715,1681811867.5,0,0,0,0,0,0
716,1681811917.5,0,0,0,0,0,0
717,1681811967.5,0,0,0,0,0,0
718,1681812017.5,0,0,0,0,0,0
719,1681812067.5,0,0,0,0,0,0
720,1681812117.5,0,0,0,0,0,0
721,1681812167.5,0,0,0,0,0,0
722,1681812217.5,0,0,0,0,0,0
723,1681812267.5,0,0,0,0,0,0
724,1681812317.5,0,0,0,0,0,0
725,1681812367.5,0,0,0,0,0,0
726,1681812417.5,0,0,0,0,0,0
727,1681812467.5,0,0,0,0,0,0
728,1681812517.5,0,0,0,0,0,0
729,1681812567.5,0,0,0,0,0,0
730,1681812617.5,0,0,0,0,0,0
731,1681812667.5,0,0,0,0,0,0
732,1681812717.5,0,0,0,0,0,0
733,1681812767.5,0,0,0,0,0,0
734,1681812817.5,0,0,0,0,0,0
735,1681812867.5,0,0,0,0,0,0
736,1681812917.5,0,0,0,0,0,0
737,1681812967.5,0,0,0,0,0,0
738,1681813017.5,0,0,0,0,0,0
739,1681813067.5,0,0,0,0,0,0
740,1681813117.5,0,0,0,0,0,0
741,1681813167.5,0,0,0,0,0,0
742,1681813217.5,0,0,0,0,0,0
743,1681813267.5,0,0,0,0,0,0
744,1681813317.5,0,0,0,0,0,0
745,1681813367.5,0,0,0,0,0,0
746,1681813417.5,0,0,0,0,0,0
747,1681813467.5,0,0,0,0,0,0
748,1681813517.5,0,0,0,0,0,0
749,1681813567.5,0,0,0,0,0,0
750,1681813617.5,0,0,0,0,0,1
751,1681813667.5,0,0,0,0,0,1
752,1681813717.5,0,0,0,0,0,1
753,1681813767.5,0,0,0,0,0,1
754,1681813817.5,0,0,0,0,0,1
755,1681813867.5,0,0,0,0,0,1
756,1681813917.5,0,0,0,0,0,1
757,1681813967.5,0,0,0,0,0,1
758,1681814017.5,0,0,0,0,0,1
759,1681814067.5,0,0,0,0,0,1
760,1681814117.5,0,0,0,0,0,1
761,1681814167.5,0,0,0,0,0,1
762,1681814217.5,0,0,0,0,0,1
763,1681814267.5,0,0,0,0,0,1
764,1681814317.5,0,0,0,0,0,1
765,1681814367.5,0,0,0,0,0,1
766,1681814417.5,0,0,0,0,0,1
767,1681814467.5,0,0,0,0,0,1
768,1681814517.5,0,0,0,0,0,1
769,1681814567.5,0,0,0,0,0,1
770,1681814617.5,0,0,0,0,0,1
771,1681814667.5,0,0,0,0,0,1
772,1681814717.5,0,0,0,0,0,1
773,1681814767.5,0,0,0,0,0,1
774,1681814817.5,0,0,0,0,0,1
775,1681814867.5,0,0,0,0,0,1
776,1681814917.5,0,0,0,0,0,1
777,1681814967.5,0,0,0,0,0,1
778,1681815017.5,0,0,0,0,0,1
779,1681815067.5,0,0,0,0,0,1
780,1681815117.5,0,0,0,0,0,1
781,1681815167.5,0,0,0,0,0,1
782,1681815217.5,0,0,0,0,0,1
783,1681815267.5,0,0,0,0,0,1
784,1681815317.5,0,0,0,0,0,1
785,1681815367.5,0,0,0,0,0,1
786,1681815417.5,0,0,0,0,0,1
787,1681815467.5,0,0,0,0,0,1
788,1681815517.5,0,0,0,0,0,1
789,1681815567.5,0,0,0,0,0,1
790,1681815617.5,0,0,0,0,0,1
791,1681815667.5,0,0,0,0,0,1
792,1681815717.5,0,0,0,0,0,1
793,1681815767.5,0,0,0,0,0,1
794,1681815817.5,0,0,0,0,0,1
795,1681815867.5,0,0,0,0,0,1
796,1681815917.5,0,0,0,0,0,1
797,1681815967.5,0,0,0,0,0,1
798,1681816017.5,0,0,0,0,0,1
799,1681816067.5,0,0,0,0,0,1
800,1681816117.5,0,0,0,0,0,0
801,1681816167.5,0,0,0,0,0,0
802,1681816217.5,0,0,0,0,0,0
803,1681816267.5,0,0,0,0,0,0
804,1681816317.5,0,0,0,0,0,0
805,1681816367.5,0,0,0,0,0,0
806,1681816417.5,0,0,0,0,0,0
807,1681816467.5,0,0,0,0,0,0
808,1681816517.5,0,0,0,0,0,0
809,1681816567.5,0,0,0,0,0,0
810,1681816617.5,0,0,0,0,0,0
811,1681816667.5,0,0,0,0,0,0
812,1681816717.5,0,0,0,0,0,0
813,1681816767.5,0,0,0,0,0,0
814,1681816817.5,0,0,0,0,0,0
815,1681816867.5,0,0,0,0,0,0
816,1681816917.5,0,0,0,0,0,0
817,1681816967.5,0,0,0,0,0,0
818,1681817017.5,0,0,0,0,0,0
819,1681817067.5,0,0,0,0,0,0
820,1681817117.5,0,0,0,0,0,0
821,1681817167.5,0,0,0,0,0,0
822,1681817217.5,0,0,0,0,0,0
823,1681817267.5,0,0,0,0,0,0
824,1681817317.5,0,0,0,0,0,0
825,1681817367.5,0,0,0,0,0,0
826,1681817417.5,0,0,0,0,0,0
827,1681817467.5,0,0,0,0,0,0
828,1681817517.5,0,0,0,0,0,0
829,1681817567.5,0,0,0,0,0,0
830,1681817617.5,0,0,0,0,0,0
831,1681817667.5,0,0,0,0,0,0
832,1681817717.5,0,0,0,0,0,0
833,1681817767.5,0,0,0,0,0,0
834,1681817817.5,0,0,0,0,0,0
835,1681817867.5,0,0,0,0,0,0
836,1681817917.5,0,0,0,0,0,0
837,1681817967.5,0,0,0,0,0,0
838,1681818017.5,0,0,0,0,0,0
839,1681818067.5,0,0,0,0,0,0
840,1681818117.5,0,0,0,0,0,0
841,1681818167.5,0,0,0,0,0,0
842,1681818217.5,0,0,0,0,0,0
843,1681818267.5,0,0,0,0,0,0
844,1681818317.5,0,0,0,0,0,0
845,1681818367.5,0,0,0,0,0,0
846,1681818417.5,0,0,0,0,0,0
847,1681818467.5,0,0,0,0,0,0
848,1681818517.5,0,0,0,0,0,0
849,1681818567.5,0,0,0,0,0,0
850,1681818617.5,0,0,0,0,0,1
851,1681818667.5,0,0,0,0,0,1
852,1681818717.5,0,0,0,0,0,1
853,1681818767.5,0,0,0,0,0,1
854,1681818817.5,0,0,0,0,0,1
855,1681818867.5,0,0,0,0,0,1
856,1681818917.5,0,0,0,0,0,1
857,1681818967.5,0,0,0,0,0,1
858,1681819017.5,0,0,0,0,0,1
859,1681819067.5,0,0,0,0,0,1
860,1681819117.5,0,0,0,0,0,1
861,1681819167.5,0,0,0,0,0,1
862,1681819217.5,0,0,0,0,0,1
863,1681819267.5,0,0,0,0,0,1
864,1681819317.5,0,0,0,0,0,1
865,1681819367.5,0,0,0,0,0,1
866,1681819417.5,0,0,0,0,0,1
867,1681819467.5,0,0,0,0,0,1
868,1681819517.5,0,0,0,0,0,1
869,1681819567.5,0,0,0,0,0,1
870,1681819617.5,0,0,0,0,0,1
871,1681819667.5,0,0,0,0,0,1
872,1681819717.5,0,0,0,0,0,1
873,1681819767.5,0,0,0,0,0,1
874,1681819817.5,0,0,0,0,0,1
875,1681819867.5,0,0,0,0,0,1
876,1681819917.5,0,0,0,0,0,1
877,1681819967.5,0,0,0,0,0,1
878,1681820017.5,0,0,0,0,0,1
879,1681820067.5,0,0,0,0,0,1
880,1681820117.5,0,0,0,0,0,1
881,1681820167.5,0,0,0,0,0,1
882,1681820217.5,0,0,0,0,0,1
883,1681820267.5,0,0,0,0,0,1
884,1681820317.5,0,0,0,0,0,1
885,1681820367.5,0,0,0,0,0,1
886,1681820417.5,0,0,0,0,0,1
887,1681820467.5,0,0,0,0,0,1
888,1681820517.5,0,0,0,0,0,1
889,1681820567.5,0,0,0,0,0,1
890,1681820617.5,0,0,0,0,0,1
891,1681820667.5,0,0,0,0,0,1
892,1681820717.5,0,0,0,0,0,1
893,1681820768.18,0,0,0,0,0,1
894,1681820822.6,0,0,0,0,0,1
895,1681820875.68,0,0,0,0,0,1
896,1681820926.5,0,0,0,0,0,1
897,1681820976.5,0,0,0,0,0,1
898,1681821026.5,0,0,0,0,0,1
899,1681821076.5,0,0,0,0,0,1
900,1681821126.5,0,0,0,0,0,0
901,1681821176.5,0,0,0,0,0,0
902,1681821226.5,0,0,0,0,0,0
903,1681821276.5,0,0,0,0,0,0
904,1681821326.5,0,0,0,0,0,0
905,1681821376.5,0,0,0,0,0,0
906,1681821426.5,0,0,0,0,0,0
907,1681821476.5,0,0,0,0,0,0
908,1681821526.5,0,0,0,0,0,0
909,1681821576.5,0,0,0,0,0,0
910,1681821626.5,0,0,0,0,0,0
911,1681821676.5,0,0,0,0,0,0
912,1681821726.5,0,0,0,0,0,0
913,1681821776.5,0,0,0,0,0,0
914,1681821826.5,0,0,0,0,0,0
915,1681821876.5,0,0,0,0,0,0
916,1681821926.5,0,0,0,0,0,0
917,1681821976.5,0,0,0,0,0,0
918,1681822026.5,0,0,0,0,0,0
919,1681822076.5,0,0,0,0,0,0
920,1681822126.5,0,0,0,0,0,0
921,1681822176.5,0,0,0,0,0,0
922,1681822226.5,0,0,0,0,0,0
923,1681822276.5,0,0,0,0,0,0
924,1681822326.5,0,0,0,0,0,0
925,1681822376.5,0,0,0,0,0,0
926,1681822426.5,0,0,0,0,0,0
927,1681822476.5,0,0,0,0,0,0
928,1681822526.5,0,0,0,0,0,0
929,1681822576.5,0,0,0,0,0,0
930,1681822626.5,0,0,0,0,0,0
931,1681822676.5,0,0,0,0,0,0
932,1681822726.5,0,0,0,0,0,0
933,1681822776.5,0,0,0,0,0,0
934,1681822826.5,0,0,0,0,0,0
935,1681822876.5,0,0,0,0,0,0
936,1681822926.5,0,0,0,0,0,0
937,1681822976.5,0,0,0,0,0,0
938,1681823026.5,0,0,0,0,0,0
939,1681823076.5,0,0,0,0,0,0
940,1681823126.5,0,0,0,0,0,0
941,1681823176.5,0,0,0,0,0,0
942,1681823226.5,0,0,0,0,0,0
943,1681823276.5,0,0,0,0,0,0
944,1681823326.5,0,0,0,0,0,0
945,1681823376.5,0,0,0,0,0,0
946,1681823426.5,0,0,0,0,0,0
947,1681823476.5,0,0,0,0,0,0
948,1681823526.5,0,0,0,0,0,0
949,1681823576.5,0,0,0,0,0,0
950,1681823626.5,0,0,0,0,0,1
951,1681823676.5,0,0,0,0,0,1
952,1681823726.5,0,0,0,0,0,1
953,1681823776.5,0,0,0,0,0,1
954,1681823826.5,0,0,0,0,0,1
955,1681823876.5,0,0,0,0,0,1
956,1681823926.5,0,0,0,0,0,1
957,1681823976.5,0,0,0,0,0,1
958,1681824026.5,0,0,0,0,0,1
959,1681824076.5,0,0,0,0,0,1
960,1681824126.5,0,0,0,0,0,1
961,1681824176.5,0,0,0,0,0,1
962,1681824226.5,0,0,0,0,0,1
963,1681824276.5,0,0,0,0,0,1
964,1681824326.5,0,0,0,0,0,1
965,1681824376.5,0,0,0,0,0,1
966,1681824426.5,0,0,0,0,0,1
967,1681824476.5,0,0,0,0,0,1
968,1681824526.5,0,0,0,0,0,1
969,1681824576.5,0,0,0,0,0,1
970,1681824626.5,0,0,0,0,0,1
971,1681824676.5,0,0,0,0,0,1
972,1681824726.5,0,0,0,0,0,1
973,1681824776.5,0,0,0,0,0,1
974,1681824826.5,0,0,0,0,0,1
975,1681824876.5,0,0,0,0,0,1
976,1681824926.5,0,0,0,0,0,1
977,1681824976.5,0,0,0,0,0,1
978,1681825026.5,0,0,0,0,0,1
979,1681825076.5,0,0,0,0,0,1
980,1681825126.5,0,0,0,0,0,1
981,1681825176.5,0,0,0,0,0,1
982,1681825226.5,0,0,0,0,0,1
983,1681825276.5,0,0,0,0,0,1
984,1681825326.5,0,0,0,0,0,1
985,1681825376.5,0,0,0,0,0,1
986,1681825426.5,0,0,0,0,0,1
987,1681825476.5,0,0,0,0,0,1
988,1681825526.5,0,0,0,0,0,1
989,1681825576.5,0,0,0,0,0,1
990,1681825626.5,0,0,0,0,0,1
991,1681825676.5,0,0,0,0,0,1
992,1681825726.5,0,0,0,0,0,1
993,1681825776.5,0,0,0,0,0,1
994,1681825826.5,0,0,0,0,0,1
995,1681825876.5,0,0,0,0,0,1
996,1681825926.5,0,0,0,0,0,1
997,1681825976.5,0,0,0,0,0,1
998,1681826026.5,0,0,0,0,0,1
999,1681826076.5,0,0,0,0,0,1
1000,1681826126.5,0,0,0,0,0,0
1001,1681826176.5,0,0,0,0,0,0
1002,1681826226.5,0,0,0,0,0,0
1003,1681826276.5,0,0,0,0,0,0
1004,1681826326.5,0,0,0,0,0,0
1005,1681826376.5,0,0,0,0,0,0
1006,1681826426.5,0,0,0,0,0,0
1007,1681826476.5,0,0,0,0,0,0
1008,1681826526.5,0,0,0,0,0,0
1009,1681826576.5,0,0,0,0,0,0
1010,1681826626.5,0,0,0,0,0,0
1011,1681826676.5,0,0,0,0,0,0
1012,1681826726.5,0,0,0,0,0,0
1013,1681826776.5,0,0,0,0,0,0
1014,1681826826.5,0,0,0,0,0,0
1015,1681826876.5,0,0,0,0,0,0
1016,1681826926.5,0,0,0,0,0,0
1017,1681826976.5,0,0,0,0,0,0
1018,1681827026.5,0,0,0,0,0,0
1019,1681827076.5,0,0,0,0,0,0
1020,1681827126.5,0,0,0,0,0,0
1021,1681827176.5,0,0,0,0,0,0
1022,1681827226.5,0,0,0,0,0,0
1023,1681827276.5,0,0,0,0,0,0
1024,1681827326.5,0,0,0,0,0,0
1025,1681827376.5,0,0,0,0,0,0
1026,1681827426.5,0,0,0,0,0,0
1027,1681827476.5,0,0,0,0,0,0
1028,1681827526.5,0,0,0,0,0,0
1029,1681827576.5,0,0,0,0,0,0
1030,1681827626.5,0,0,0,0,0,0
1031,1681827676.5,0,0,0,0,0,0
1032,1681827726.5,0,0,0,0,0,0
1033,1681827776.5,0,0,0,0,0,0
1034,1681827826.5,0,0,0,0,0,0
1035,1681827876.5,0,0,0,0,0,0
1036,1681827926.5,0,0,0,0,0,0
1037,1681827976.5,0,0,0,0,0,0
1038,1681828026.5,0,0,0,0,0,0
1039,1681828076.5,0,0,0,0,0,0
1040,1681828126.5,0,0,0,0,0,0
1041,1681828176.5,0,0,0,0,0,0
1042,1681828226.5,0,0,0,0,0,0
1043,1681828276.5,0,0,0,0,0,0
1044,1681828326.5,0,0,0,0,0,0
1045,1681828376.5,0,0,0,0,0,0
1046,1681828426.5,0,0,0,0,0,0
1047,1681828476.5,0,0,0,0,0,0
1048,1681828526.5,0,0,0,0,0,0
1049,1681828576.5,0,0,0,0,0,0
1050,1681828627.08,0,0,0,0,0,1
1051,1681828677.5,0,0,0,0,0,1
1052,1681828727.5,0,0,0,0,0,1
1053,1681828777.5,0,0,0,0,0,1
1054,1681828827.5,0,0,0,0,0,1
1055,1681828877.5,0,0,0,0,0,1
1056,1681828927.5,0,0,0,0,0,1
1057,1681828977.5,0,0,0,0,0,1
1058,1681829027.5,0,0,0,0,0,1
1059,1681829077.5,0,0,0,0,0,1
1060,1681829127.5,0,0,0,0,0,1
1061,1681829177.5,0,0,0,0,0,1
1062,1681829227.5,0,0,0,0,0,1
1063,1681829277.5,0,0,0,0,0,1
1064,1681829327.5,0,0,0,0,0,1
1065,1681829377.5,0,0,0,0,0,1
1066,1681829427.5,0,0,0,0,0,1
1067,1681829477.5,0,0,0,0,0,1
1068,1681829527.5,0,0,0,0,0,1
1069,1681829577.66,0,0,0,0,0,1
1070,1681829628.5,0,0,0,0,0,1
1071,1681829678.5,0,0,0,0,0,1
1072,1681829728.5,0,0,0,0,0,1
1073,1681829778.5,0,0,0,0,0,1
1074,1681829828.5,0,0,0,0,0,1
1075,1681829878.5,0,0,0,0,0,1
1076,1681829928.5,0,0,0,0,0,1
1077,1681829978.5,0,0,0,0,0,1
1078,1681830028.5,0,0,0,0,0,1
1079,1681830078.5,0,0,0,0,0,1
1080,1681830128.5,0,0,0,0,0,1
1081,1681830178.5,0,0,0,0,0,1
1082,1681830228.5,0,0,0,0,0,1
1083,1681830278.5,0,0,0,0,0,1
1084,1681830328.5,0,0,0,0,0,1
1085,1681830378.5,0,0,0,0,0,1
1086,1681830428.5,0,0,0,0,0,1
1087,1681830478.5,0,0,0,0,0,1
1088,1681830528.5,0,0,0,0,0,1
1089,1681830578.5,0,0,0,0,0,1
1090,1681830628.5,0,0,0,0,0,1
1091,1681830678.5,0,0,0,0,0,1
1092,1681830728.5,0,0,0,0,0,1
1093,1681830778.5,0,0,0,0,0,1
1094,1681830828.5,0,0,0,0,0,1
1095,1681830878.5,0,0,0,0,0,1
1096,1681830928.5,0,0,0,0,0,1
1097,1681830978.5,0,0,0,0,0,1
1098,1681831028.5,0,0,0,0,0,1
1099,1681831078.5,0,0,0,0,0,1
1100,1681831128.5,0,0,0,0,0,0
1101,1681831178.5,0,0,0,0,0,0
1102,1681831228.5,0,0,0,0,0,0
1103,1681831278.5,0,0,0,0,0,0
1104,1681831328.5,0,0,0,0,0,0
1105,1681831378.5,0,0,0,0,0,0
1106,1681831428.5,0,0,0,0,0,0
1107,1681831478.5,0,0,0,0,0,0
1108,1681831528.5,0,0,0,0,0,0
1109,1681831578.5,0,0,0,0,0,0
1110,1681831628.5,0,0,0,0,0,0
1111,1681831678.5,0,0,0,0,0,0
1112,1681831728.5,0,0,0,0,0,0
1113,1681831778.5,0,0,0,0,0,0
1114,1681831829.1,0,0,0,0,0,0
1115,1681831879.5,0,0,0,0,0,0
1116,1681831929.5,0,0,0,0,0,0
1117,1681831979.5,0,0,0,0,0,0
1118,1681832029.5,0,0,0,0,0,0
1119,1681832079.5,0,0,0,0,0,0
1120,1681832129.5,0,0,0,0,0,0
1121,1681832179.5,0,0,0,0,0,0
1122,1681832229.5,0,0,0,0,0,0
1123,1681832279.5,0,0,0,0,0,0
1124,1681832329.5,0,0,0,0,0,0
1125,1681832379.5,0,0,0,0,0,0
1126,1681832429.5,0,0,0,0,0,0
1127,1681832479.5,0,0,0,0,0,0
1128,1681832529.5,0,0,0,0,0,0
1129,1681832579.5,0,0,0,0,0,0
1130,1681832629.5,0,0,0,0,0,0
1131,1681832679.5,0,0,0,0,0,0
1132,1681832729.5,0,0,0,0,0,0
1133,1681832779.5,0,0,0,0,0,0
1134,1681832829.5,0,0,0,0,0,0
1135,1681832879.5,0,0,0,0,0,0
1136,1681832929.5,0,0,0,0,0,0
1137,1681832979.5,0,0,0,0,0,0
1138,1681833029.5,0,0,0,0,0,0
1139,1681833079.5,0,0,0,0,0,0
1140,1681833129.5,0,0,0,0,0,0
1141,1681833179.5,0,0,0,0,0,0
1142,1681833229.5,0,0,0,0,0,0
1143,1681833279.5,0,0,0,0,0,0
1144,1681833329.5,0,0,0,0,0,0
1145,1681833379.5,0,0,0,0,0,0
1146,1681833429.5,0,0,0,0,0,0
1147,1681833479.5,0,0,0,0,0,0
1148,1681833529.5,0,0,0,0,0,0
1149,1681833579.5,0,0,0,0,0,0
1150,1681833629.5,0,0,0,0,0,1
1151,1681833679.5,0,0,0,0,0,1
1152,1681833729.5,0,0,0,0,0,1
1153,1681833779.5,0,0,0,0,0,1
1154,1681833829.5,0,0,0,0,0,1
1155,1681833879.5,0,0,0,0,0,1
1156,1681833929.5,0,0,0,0,0,1
1157,1681833979.5,0,0,0,0,0,1
1158,1681834029.5,0,0,0,0,0,1
1159,1681834079.5,0,0,0,0,0,1
1160,1681834129.5,0,0,0,0,0,1
1161,1681834179.5,0,0,0,0,0,1
1162,1681834229.5,0,0,0,0,0,1
1163,1681834279.5,0,0,0,0,0,1
1164,1681834329.5,0,0,0,0,0,1
1165,1681834379.5,0,0,0,0,0,1
1166,1681834429.5,0,0,0,0,0,1
1167,1681834479.5,0,0,0,0,0,1
1168,1681834529.5,0,0,0,0,0,1
1169,1681834579.5,0,0,0,0,0,1
1170,1681834629.5,0,0,0,0,0,1
1171,1681834679.5,0,0,0,0,0,1
1172,1681834729.5,0,0,0,0,0,1
1173,1681834779.5,0,0,0,0,0,1
1174,1681834829.5,0,0,0,0,0,1
1175,1681834879.5,0,0,0,0,0,1
1176,1681834929.5,0,0,0,0,0,1
1177,1681834979.5,0,0,0,0,0,1
1178,1681835029.5,0,0,0,0,0,1
1179,1681835079.5,0,0,0,0,0,1
1180,1681835129.5,0,0,0,0,0,1
1181,1681835179.5,0,0,0,0,0,1
1182,1681835229.5,0,0,0,0,0,1
1183,1681835279.5,0,0,0,0,0,1
1184,1681835329.5,0,0,0,0,0,1
1185,1681835379.5,0,0,0,0,0,1
1186,1681835429.5,0,0,0,0,0,1
1187,1681835479.5,1,0,0,0,1,1
1188,1681835529.5,1,0,0,0,1,1
1189,1681835579.5,1,0,0,0,1,1
1190,1681835629.5,0,0,0,0,0,1
1191,1681835679.5,0,0,0,0,0,1
1192,1681835729.5,0,1,0,1,0,1
1193,1681835779.5,0,1,0,1,0,1
1194,1681835829.5,0,1,0,1,0,1
1195,1681835879.5,1,1,0,1,1,1
1196,1681835929.5,1,1,0,1,1,1
1197,1681835979.5,1,1,0,1,1,1
1198,1681836029.5,1,1,0,1,1,1
1199,1681836079.5,1,1,0,1,1,1
1200,1681836129.5,1,1,0,1,1,0
1201,1681836179.5,1,1,0,1,1,0
1202,1681836229.5,1,1,0,1,1,0
1203,1681836279.5,1,1,0,1,1,0
1204,1681836329.5,1,1,0,1,1,0
1205,1681836379.5,1,1,0,1,1,0
1206,1681836429.5,1,1,0,1,1,0
1207,1681836479.5,1,1,0,1,1,0
1208,1681836529.5,1,1,0,1,1,0
1209,1681836579.5,1,1,0,1,1,0
1210,1681836629.5,1,1,0,1,1,0
1211,1681836679.5,1,1,0,1,1,0
1212,1681836729.5,1,1,0,1,1,0
1213,1681836779.5,1,1,0,1,1,0
1214,1681836829.5,1,1,0,1,1,0
1215,1681836879.5,1,1,0,1,1,0
1216,1681836929.5,1,1,0,1,1,0
1217,1681836979.5,1,1,0,1,1,0
1218,1681837029.5,1,1,0,1,1,0
1219,1681837079.5,1,1,0,1,1,0
1220,1681837129.5,1,1,0,1,1,0
1221,1681837179.5,1,1,0,1,1,0
1222,1681837229.5,1,1,0,1,1,0
1223,1681837279.5,1,1,0,1,1,0
1224,1681837329.5,1,1,0,1,1,0
1225,1681837379.5,1,1,0,1,1,0
1226,1681837429.5,1,1,0,1,1,0
1227,1681837479.5,1,1,0,1,1,0
1228,1681837529.5,1,1,0,1,1,0
1229,1681837579.5,1,1,0,1,1,0
1230,1681837629.5,1,1,0,1,1,0
1231,1681837679.5,1,1,0,1,1,0
1232,1681837729.5,1,1,0,1,1,0
1233,1681837779.5,1,1,0,1,1,0
1234,1681837829.5,1,1,0,1,1,0
1235,1681837879.5,1,1,0,1,1,0
1236,1681837929.5,1,1,0,1,1,0
1237,1681837979.5,1,1,0,1,1,0
1238,1681838029.5,1,1,0,1,1,0
1239,1681838079.5,1,1,0,1,1,0
1240,1681838129.5,1,1,0,1,1,0
1241,1681838179.5,1,1,0,1,1,0
1242,1681838229.5,1,1,0,1,1,0
1243,1681838279.5,1,1,0,1,1,0
1244,1681838329.5,1,1,0,1,1,0
1245,1681838379.5,1,1,0,1,1,0
1246,1681838429.5,1,1,0,1,1,0
1247,1681838479.5,1,1,0,1,1,0
1248,1681838529.5,1,1,0,1,1,0
1249,1681838579.5,1,1,0,1,1,0
1250,1681838629.5,1,1,0,1,1,1
1251,1681838679.5,1,1,0,1,1,1
1252,1681838729.5,1,1,0,1,1,1
1253,1681838779.5,1,1,0,1,1,1
1254,1681838829.5,1,1,0,1,1,1
1255,1681838879.5,1,1,0,1,1,1
1256,1681838929.5,1,1,0,1,1,1
1257,1681838979.5,1,1,0,1,1,1
1258,1681839029.5,1,1,0,1,1,1
1259,1681839079.5,1,1,0,1,1,1
1260,1681839129.5,1,1,0,1,1,1
1261,1681839179.5,1,1,0,1,1,1
1262,1681839229.5,1,1,0,1,1,1
1263,1681839279.5,1,1,0,1,1,1
1264,1681839329.5,1,1,0,1,1,1
1265,1681839379.5,1,1,0,1,1,1
1266,1681839429.5,1,1,0,1,1,1
1267,1681839479.5,1,1,0,1,1,1
1268,1681839529.5,1,1,0,1,1,1
1269,1681839579.5,1,1,0,1,1,1
1270,1681839629.5,1,1,0,1,1,1
1271,1681839679.5,1,1,0,1,1,1
1272,1681839729.5,1,1,0,1,1,1
1273,1681839779.5,1,1,0,1,1,1
1274,1681839829.5,1,1,0,1,1,1
1275,1681839879.5,1,1,0,1,1,1
1276,1681839929.5,1,1,0,1,1,1
1277,1681839979.5,1,1,0,1,1,1
1278,1681840029.5,1,1,0,1,1,1
1279,1681840079.5,1,1,0,1,1,1
1280,1681840129.5,1,1,0,1,1,1
1281,1681840179.5,1,1,0,1,1,1
1282,1681840229.5,1,1,0,1,1,1
1283,1681840279.5,1,1,0,1,1,1
1284,1681840329.5,1,1,0,1,1,1
1285,1681840379.5,1,1,0,1,1,1
1286,1681840429.5,1,1,0,1,1,1
1287,1681840479.5,1,1,0,1,1,1
1288,1681840529.5,1,1,0,1,1,1
1289,1681840579.5,1,1,0,1,1,1
1290,1681840629.5,1,1,0,1,1,1
1291,1681840679.5,1,1,0,1,1,1
1292,1681840729.5,1,1,0,1,1,1
1293,1681840779.5,1,1,0,1,1,1
1294,1681840829.5,1,1,0,1,1,1
1295,1681840879.5,1,1,0,1,1,1
1296,1681840929.5,1,1,0,1,1,1
1297,1681840979.5,1,1,0,1,1,1
1298,1681841029.5,1,1,0,1,1,1
1299,1681841079.5,1,1,0,1,1,1
1300,1681841129.5,1,1,0,1,1,0
1301,1681841179.5,1,1,0,1,1,0
1302,1681841229.5,1,1,0,1,1,0
1303,1681841279.5,1,1,0,1,1,0
1304,1681841329.5,1,1,0,1,1,0
1305,1681841379.5,1,1,0,1,1,0
1306,1681841429.5,1,1,0,1,1,0
1307,1681841479.5,1,1,0,1,1,0
1308,1681841529.5,1,1,0,1,1,0
1309,1681841579.5,1,1,0,1,1,0
1310,1681841629.5,1,1,0,1,1,0
1311,1681841679.5,1,1,0,1,1,0
1312,1681841729.5,1,1,0,1,1,0
1313,1681841779.5,1,1,0,1,1,0
1314,1681841829.5,1,1,0,1,1,0
1315,1681841879.5,1,1,0,1,1,0
1316,1681841936.44,1,1,0,1,1,0
1317,1681842022.18,1,1,0,1,1,0
1318,1681842264.68,1,1,0,1,1,0
1319,1681842582.48,1,1,0,1,1,0
1320,1681842776.76,1,1,0,1,1,0
1321,1681842878.16,1,1,0,1,1,0
1322,1681843055.72,1,1,0,1,1,0
1323,1681843255.2,1,1,0,1,1,0
1324,1681843330.26,1,1,0,1,1,0
1325,1681843627.98,1,1,0,1,1,0
1326,1681843775.62,1,1,0,1,1,0
1327,1681843936.22,1,1,0,1,1,0
1328,1681844220.74,1,1,0,1,1,0
1329,1681844491.56,1,1,0,1,1,0
1330,1681844629.72,1,1,0,1,1,0
1331,1681844689.5,1,1,0,1,1,0
1332,1681844739.5,1,1,0,1,1,0
1333,1681844789.5,1,1,0,1,1,0
1334,1681844839.5,1,1,0,1,1,0
1335,1681844889.5,1,1,0,1,1,0
1336,1681844939.5,1,1,0,1,1,0
1337,1681844989.5,1,1,0,1,1,0
1338,1681845039.5,1,1,0,1,1,0
1339,1681845089.5,1,1,0,1,1,0
1340,1681845139.5,1,1,0,1,1,0
1341,1681845189.5,1,1,0,1,1,0
1342,1681845239.5,1,1,0,1,1,0
1343,1681845289.5,1,1,0,1,1,0
1344,1681845339.5,1,1,0,1,1,0
1345,1681845389.5,1,1,0,1,1,0
1346,1681845439.5,1,1,0,1,1,0
1347,1681845489.5,1,1,0,1,1,0
1348,1681845539.5,1,1,0,1,1,0
1349,1681845589.5,1,1,0,1,1,0
1350,1681845639.5,1,1,0,1,1,1
1351,1681845689.5,1,1,0,1,1,1
1352,1681845740.96,1,1,0,1,1,1
1353,1681845838.7,1,1,0,1,1,1
1354,1681845962.86,1,1,0,1,1,1
1355,1681846049.5,1,1,0,1,1,1
1356,1681846099.5,1,1,0,1,1,1
1357,1681846149.5,1,1,0,1,1,1
1358,1681846199.5,1,1,0,1,1,1
1359,1681846249.5,1,1,0,1,1,1
1360,1681846299.5,1,1,0,1,1,1
1361,1681846349.5,1,1,0,1,1,1
1362,1681846399.5,1,1,0,1,1,1
1363,1681846449.5,1,1,0,1,1,1
1364,1681846499.5,1,1,0,1,1,1
1365,1681846549.5,1,1,0,1,1,1
1366,1681846599.5,1,1,0,1,1,1
1367,1681846649.5,1,1,0,1,1,1
1368,1681846699.5,1,1,0,1,1,1
1369,1681846749.5,1,1,0,1,1,1
1370,1681846799.5,1,1,0,1,1,1
1371,1681846849.5,1,1,0,1,1,1
1372,1681846899.5,1,1,0,1,1,1
1373,1681846949.5,1,1,0,1,1,1
1374,1681846999.5,1,1,0,1,1,1
1375,1681847049.5,0,0,0,0,0,1
1376,1681847099.5,0,0,0,0,0,1
1377,1681847149.5,0,0,0,0,0,1
1378,1681847199.5,0,0,0,0,0,1
1379,1681847249.5,0,0,0,0,0,1
1380,1681847299.5,0,0,0,0,0,1
1381,1681847349.5,0,0,0,0,0,1
1382,1681847399.5,0,0,0,0,0,1
1383,1681847449.5,0,0,0,0,0,1
1384,1681847499.5,0,0,0,0,0,1
1385,1681847549.5,0,0,0,0,0,1
1386,1681847599.5,0,0,0,0,0,1
1387,1681847649.5,0,0,0,0,0,1
1388,1681847699.5,0,0,0,0,0,1
1389,1681847749.5,0,0,0,0,0,1
1390,1681847799.5,0,0,0,0,0,1
1391,1681847849.5,0,0,0,0,0,1
1392,1681847899.5,0,0,0,0,0,1
1393,1681847949.5,0,0,0,0,0,1
1394,1681847999.5,0,0,0,0,0,1
1395,1681848049.5,0,0,0,0,0,1
1396,1681848099.5,0,0,0,0,0,1
1397,1681848149.5,0,0,0,0,0,1
1398,1681848199.5,0,0,0,0,0,1
1399,1681848249.5,0,0,0,0,0,1
1400,1681848299.5,0,0,0,0,0,0
1401,1681848349.5,0,0,0,0,0,0
1402,1681848399.5,0,0,0,0,0,0
1403,1681848449.5,0,0,0,0,0,0
1404,1681848499.5,0,0,0,0,0,0
1405,1681848549.5,0,0,0,0,0,0
1406,1681848599.5,0,0,0,0,0,0
1407,1681848649.5,0,0,0,0,0,0
1408,1681848699.5,0,0,0,0,0,0
1409,1681848749.5,0,0,0,0,0,0
1410,1681848799.5,0,0,0,0,0,0
1411,1681848849.5,0,0,0,0,0,0
1412,1681848899.5,0,0,0,0,0,0
1413,1681848949.5,0,0,0,0,0,0
1414,1681848999.5,0,0,0,0,0,0
1415,1681849049.5,0,0,0,0,0,0
1416,1681849099.5,0,0,0,0,0,0
1417,1681849149.5,0,0,0,0,0,0
1418,1681849199.5,0,0,0,0,0,0
1419,1681849249.5,0,0,0,0,0,0
1420,1681849299.5,0,0,0,0,0,0
1421,1681849349.5,0,0,0,0,0,0
1422,1681849399.5,0,0,0,0,0,0
1423,1681849449.5,0,0,0,0,0,0
1424,1681849499.5,0,0,0,0,0,0
1425,1681849549.5,0,0,0,0,0,0
1426,1681849599.5,0,0,0,0,0,0
1427,1681849649.5,0,0,0,0,0,0
1428,1681849699.5,0,0,0,0,0,0
1429,1681849749.5,0,0,0,0,0,0
1430,1681849799.5,0,0,0,0,0,0
1431,1681849849.5,0,0,0,0,0,0
1432,1681849899.5,0,0,0,0,0,0
1433,1681849949.5,0,0,0,0,0,0
1434,1681849999.5,0,0,0,0,0,0
1435,1681850049.5,0,0,0,0,0,0
1436,1681850099.5,0,0,0,0,0,0
1437,1681850149.5,0,0,0,0,0,0
1438,1681850199.5,0,0,0,0,0,0
1439,1681850249.5,0,0,0,0,0,0
1440,1681850299.5,0,0,0,0,0,0
1441,1681850349.5,0,0,0,0,0,0
1442,1681850399.5,0,0,0,0,0,0
1443,1681850449.5,0,0,0,0,0,0
1444,1681850499.5,0,0,0,0,0,0
1445,1681850549.5,0,0,0,0,0,0
1446,1681850599.5,0,0,0,0,0,0
1447,1681850649.5,0,0,0,0,0,0
1448,1681850699.5,0,0,0,0,0,0
1449,1681850749.5,0,0,0,0,0,0
1450,1681850799.5,0,0,0,0,0,1
1451,1681850849.5,0,0,0,0,0,1
1452,1681850899.5,0,0,0,0,0,1
1453,1681850949.5,0,0,0,0,0,1
1454,1681850999.5,0,0,0,0,0,1
1455,1681851049.5,0,0,0,0,0,1
1456,1681851099.5,0,0,0,0,0,1
1457,1681851149.5,0,0,0,0,0,1
1458,1681851199.5,0,0,0,0,0,1
1459,1681851249.5,0,0,0,0,0,1
1460,1681851299.5,0,0,0,0,0,1
1461,1681851349.5,0,0,0,0,0,1
1462,1681851399.5,0,0,0,0,0,1
1463,1681851449.5,0,0,0,0,0,1
1464,1681851499.5,0,0,0,0,0,1
1465,1681851549.5,0,0,0,0,0,1
1466,1681851599.5,0,0,0,0,0,1
1467,1681851649.5,0,0,0,0,0,1
1468,1681851699.5,0,0,0,0,0,1
1469,1681851749.5,0,0,0,0,0,1
1470,1681851799.5,0,0,0,0,0,1
1471,1681851849.5,0,0,0,0,0,1
1472,1681851899.5,0,0,0,0,0,1
1473,1681851949.5,0,0,0,0,0,1
1474,1681851999.5,0,0,0,0,0,1
1475,1681852049.5,0,0,0,0,0,1
1476,1681852099.5,0,0,0,0,0,1
1477,1681852149.5,0,0,0,0,0,1
1478,1681852199.5,0,0,0,0,0,1
1479,1681852249.5,0,0,0,0,0,1
1480,1681852299.5,0,0,0,0,0,1
1481,1681852349.5,0,0,0,0,0,1
1482,1681852399.5,0,0,0,0,0,1
1483,1681852449.5,0,0,0,0,0,1
1484,1681852499.5,0,0,0,0,0,1
1485,1681852549.5,0,0,0,0,0,1
1486,1681852599.5,0,0,0,0,0,1
1487,1681852649.5,0,0,0,0,0,1
1488,1681852699.5,0,0,0,0,0,1
1489,1681852749.5,0,0,0,0,0,1
1490,1681852799.5,0,0,0,0,0,1
1491,1681852849.5,0,0,0,0,0,1
1492,1681852899.5,0,0,0,0,0,1
1493,1681852949.5,0,0,0,0,0,1
1494,1681852999.5,0,0,0,0,0,1
1495,1681853049.5,0,0,0,0,0,1
1496,1681853099.5,0,0,0,0,0,1
1497,1681853149.5,0,0,0,0,0,1
1498,1681853199.5,0,0,0,0,0,1
1499,1681853249.5,0,0,0,0,0,1
1500,1681853299.5,0,0,0,0,0,0
1501,1681853349.5,0,0,0,0,0,0
1502,1681853399.5,0,0,0,0,0,0
1503,1681853449.5,0,0,0,0,0,0
1504,1681853499.5,0,0,0,0,0,0
1505,1681853549.5,0,0,0,0,0,0
1506,1681853599.5,0,0,0,0,0,0
1507,1681853649.5,0,0,0,0,0,0
1508,1681853699.5,0,0,0,0,0,0
1509,1681853749.5,0,0,0,0,0,0
1510,1681853799.5,0,0,0,0,0,0
1511,1681853849.5,0,0,0,0,0,0
1512,1681853899.5,0,0,0,0,0,0
1513,1681853949.5,0,0,0,0,0,0
1514,1681853999.5,0,0,0,0,0,0
1515,1681854049.5,0,0,0,0,0,0
1516,1681854099.5,0,0,0,0,0,0
1517,1681854149.5,0,0,0,0,0,0
1518,1681854199.5,0,0,0,0,0,0
1519,1681854249.5,0,0,0,0,0,0
1520,1681854299.5,1,0,0,0,1,0
1521,1681854349.5,1,0,0,0,1,0
1522,1681854399.5,1,0,0,0,1,0
1523,1681854449.5,0,0,0,0,0,0
1524,1681854499.5,0,0,0,0,0,0
1525,1681854549.5,0,1,0,1,0,0
1526,1681854599.5,0,1,0,1,0,0
1527,1681854649.5,0,0,0,0,0,0
1528,1681854699.5,1,0,0,0,1,0
1529,1681854749.5,1,0,0,0,1,0
1530,1681854799.5,1,0,0,0,1,0
1531,1681854849.5,1,0,0,0,1,0
1532,1681854899.5,0,0,0,0,0,0
1533,1681854949.5,0,1,0,0,0,0
1534,1681854999.5,0,1,0,0,0,0
1535,1681855049.5,0,1,0,0,0,0
1536,1681855099.5,0,0,0,0,0,0
1537,1681855149.5,0,0,0,0,0,0
1538,1681855199.5,0,0,1,0,0,0
1539,1681855249.5,0,0,1,0,0,0
1540,1681855299.5,0,0,0,0,0,0
1541,1681855349.5,1,1,1,0,1,0
1542,1681855399.5,1,1,1,0,1,0
1543,1681855449.5,1,1,1,0,1,0
1544,1681855499.5,1,1,1,0,1,0
1545,1681855549.5,1,1,1,0,1,0
1546,1681855599.5,1,1,1,0,1,0
1547,1681855649.5,1,1,1,0,1,0
1548,1681855699.5,1,1,1,0,1,0
1549,1681855749.5,1,1,1,0,1,0
1550,1681855799.5,1,1,1,0,1,1
1551,1681855849.5,1,1,1,0,1,1
1552,1681855899.5,1,1,1,0,1,1
1553,1681855949.5,1,1,1,0,1,1
1554,1681855999.5,1,1,1,0,1,1
1555,1681856049.5,1,1,1,0,1,1
1556,1681856099.5,1,1,1,0,1,1
1557,1681856149.5,1,1,1,0,1,1
1558,1681856199.5,1,1,1,0,1,1
1559,1681856249.5,0,0,0,0,0,1
1560,1681856299.5,0,0,0,0,0,1
1561,1681856349.5,0,0,0,0,0,1
1562,1681856401.38,0,0,0,0,0,1
1563,1681856515.52,0,0,0,0,0,1
1564,1681856676.68,0,0,0,0,0,1
1565,1681856818.74,0,0,0,0,0,1
1566,1681856963.08,0,0,0,0,0,1
1567,1681857068.94,0,0,0,0,0,1
1568,1681857142.94,0,0,0,0,0,1
1569,1681857195.42,0,0,0,0,0,1
1570,1681857251.06,0,0,0,0,0,1
1571,1681857419.02,0,0,0,0,0,1
1572,1681857540.28,0,0,0,0,0,1
1573,1681857658.5,0,0,0,0,0,1
1574,1681857708.5,0,0,0,0,0,1
1575,1681857758.5,0,0,0,0,0,1
1576,1681857808.5,0,0,0,0,0,1
1577,1681857858.5,0,0,0,0,0,1
1578,1681857908.5,0,0,0,0,0,1
1579,1681857958.5,0,0,0,0,0,1
1580,1681858008.5,0,0,0,0,0,1
1581,1681858058.5,0,0,0,0,0,1
1582,1681858108.5,0,0,0,0,0,1
1583,1681858158.5,0,0,0,0,0,1
1584,1681858208.5,0,0,0,0,0,1
1585,1681858258.5,0,0,0,0,0,1
1586,1681858308.5,0,0,0,0,0,1
1587,1681858358.5,0,0,0,0,0,1
1588,1681858408.5,0,0,0,0,0,1
1589,1681858458.5,0,0,0,0,0,1
1590,1681858508.5,0,0,0,0,0,1
1591,1681858558.5,0,0,0,0,0,1
1592,1681858608.5,0,0,0,0,0,1
1593,1681858658.5,0,0,0,0,0,1
1594,1681858708.5,0,0,0,0,0,1
1595,1681858758.5,0,0,0,0,0,1
1596,1681858808.5,0,0,0,0,0,1
1597,1681858858.5,0,0,0,0,0,1
1598,1681858908.5,0,0,0,0,0,1
1599,1681858958.5,0,0,0,0,0,1
1600,1681859008.5,0,0,0,0,0,0
1601,1681859058.5,0,0,0,0,0,0
1602,1681859108.5,0,0,0,0,0,0
1603,1681859158.5,0,0,0,0,0,0
1604,1681859209.8,0,0,0,0,0,0
1605,1681859260.5,0,0,0,0,0,0
1606,1681859310.5,0,0,0,0,0,0
1607,1681859360.5,0,0,0,0,0,0
1608,1681859410.5,0,0,0,0,0,0
1609,1681859460.5,0,0,0,0,0,0
1610,1681859510.5,0,0,0,0,0,0
1611,1681859560.5,0,0,0,0,0,0
1612,1681859610.5,0,0,0,0,0,0
1613,1681859660.5,0,0,0,0,0,0
1614,1681859710.5,0,0,0,0,0,0
1615,1681859760.5,0,0,0,0,0,0
1616,1681859810.5,0,0,0,0,0,0
1617,1681859861.04,0,0,0,0,0,0
1618,1681859911.5,0,0,0,0,0,0
1619,1681859961.5,0,0,0,0,0,0
1620,1681860011.5,0,0,0,0,0,0
1621,1681860061.5,0,0,0,0,0,0
1622,1681860111.5,0,0,0,0,0,0
1623,1681860161.5,0,0,0,0,0,0
1624,1681860211.5,0,0,0,0,0,0
1625,1681860261.5,0,0,0,0,0,0
1626,1681860311.5,0,0,0,0,0,0
1627,1681860361.5,0,0,0,0,0,0
1628,1681860411.5,0,0,0,0,0,0
1629,1681860461.5,0,0,0,0,0,0
1630,1681860511.5,0,0,0,0,0,0
1631,1681860561.5,0,0,0,0,0,0
1632,1681860611.5,0,0,0,0,0,0
1633,1681860661.5,0,0,0,0,0,0
1634,1681860711.5,0,0,0,0,0,0
1635,1681860761.5,0,0,0,0,0,0
1636,1681860811.5,0,0,0,0,0,0
1637,1681860861.5,0,0,0,0,0,0
1638,1681860911.5,0,0,0,0,0,0
1639,1681860961.5,0,0,0,0,0,0
1640,1681861011.5,0,0,0,0,0,0
1641,1681861061.5,0,0,0,0,0,0
1642,1681861111.5,0,0,0,0,0,0
1643,1681861161.5,0,0,0,0,0,0
1644,1681861211.5,0,0,0,0,0,0
1645,1681861261.5,0,0,0,0,0,0
1646,1681861311.5,0,0,0,0,0,0
1647,1681861361.5,0,0,0,0,0,0
1648,1681861411.5,0,0,0,0,0,0
1649,1681861461.5,0,0,0,0,0,0
1650,1681861511.5,0,0,0,0,0,1
1651,1681861561.5,0,0,0,0,0,1
1652,1681861611.5,0,0,0,0,0,1
1653,1681861661.5,0,0,0,0,0,1
1654,1681861711.5,0,0,0,0,0,1
1655,1681861761.5,0,0,0,0,0,1
1656,1681861811.5,0,0,0,0,0,1
1657,1681861861.5,0,0,0,0,0,1
1658,1681861911.5,0,0,0,0,0,1
1659,1681861961.5,0,0,0,0,0,1
1660,1681862011.5,0,0,0,0,0,1
1661,1681862061.5,0,0,0,0,0,1
1662,1681862111.5,0,0,0,0,0,1
1663,1681862161.5,0,0,0,0,0,1
1664,1681862211.5,0,0,0,0,0,1
1665,1681862261.5,0,0,0,0,0,1
1666,1681862311.5,0,0,0,0,0,1
1667,1681862361.5,0,0,0,0,0,1
1668,1681862393.0,0,0,0,0,0,1
